"País","Total Jugadores","Salario Semanal Promedio (€)","Valor de Mercado Promedio (€)","Eficiencia (Ratio)","Gap de Mercado (€)"
"Alemania",1153,12200,7509536,0.0429870686482373,7323843
"España",972,18780,11342788,0.0497649083583439,13769173
"Francia",763,13487,8827896,0.0468787385990221,9782388
"Holanda",501,5056,2550958,0.0324727864769882,1498765
"Italia",842,25441,7811728,0.00770240678014454,6397926
"Portugal",495,5613,3859343,0.0244790798729851,4471066
"Reino Unido",960,34486,13273193,0.0401986660038164,13983735
